r(t) - SetPoint; t - Tempo;e(t) - Erro;u(t) - Saído do Controlador;y(t) - Variável de Processo
1;0;0.835649239796544;3;0.164350760203456
1;0.02;0.817986609835205;3;0.182013390164795
1;0.04;0.782386248843315;3;0.217613751156685
1;0.06;0.746857017420129;3;0.253142982579871
1;0.08;0.711398773448675;3;0.288601226551325
1;0.1;0.676011375095931;3;0.323988624904069
1;0.12;0.640694680812255;3;0.359305319187745
1;0.14;0.605448549330823;3;0.394551450669177
1;0.16;0.579060172737093;3;0.420939827262907
1;0.18;0.543937187084934;3;0.456062812915066
1;0.2;0.508884377204915;3;0.491115622795085
1;0.22;0.473901602885749;3;0.526098397114251
1;0.24;0.438988724196294;3;0.561011275803706
1;0.26;0.404145601484988;3;0.595854398515012
1;0.28;0.369372095379293;3;0.630627904620707
1;0.3;0.334668066785139;3;0.665331933214861
1;0.32;0.300033376886364;3;0.699966623113636
1;0.34;0.265467887144165;3;0.734532112855835
1;0.36;0.239589099256638;3;0.760410900743362
1;0.38;0.205144377261694;3;0.794855622738306
1;0.4;0.1707684758672;2.75564726496101;0.8292315241328
1;0.42;0.137926641165823;2.44430576553396;0.862073358834177
1;0.44;0.108481458722447;2.16364660521679;0.891518541277553
1;0.46;0.0834843958345159;1.92452412220972;0.916515604165484
1;0.48;0.061528271506228;1.71331131851029;0.938471728493772
1;0.5;0.042231618964328;1.52649762024192;0.957768381035672
1;0.52;0.025286114602295;1.36126573851802;0.974713885397705
1;0.54;-0.0182348089570199;0.92962710445957;0.989580099255287
1;0.56;-0.0182348089570199;0.92962710445957;1.01823480895702
1;0.58;-0.0441865914323101;0.664093875148648;1.04191923662318
1;0.6;-0.0441865914323101;0.664093875148648;1.04418659143231
1;0.62;-0.1088437259891;-0.00331791724755037;1.07412720918666
1;0.64;-0.1088437259891;-0.00331791724755037;1.09009066766403
1;0.66;-0.1088437259891;-0.00331791724755037;1.1088437259891
1;0.68;-0.11167689136052;-0.0649300268769581;1.11171800813341
1;0.7;-0.11167689136052;-0.0649300268769581;1.11224282502957
1;0.72;-0.11167689136052;-0.0649300268769581;1.11167689136052
1;0.74;-0.10962798160255;-0.0776841730545592;1.11037777310624
1;0.76;-0.10962798160255;-0.0776841730545592;1.11037777310624
1;0.78;-0.10962798160255;-0.0776841730545592;1.10962798160255
1;0.8;-0.10735321921228;-0.0874476215147357;1.10812952281395
1;0.82;-0.10735321921228;-0.0874476215147357;1.10735321921228
1;0.84;-0.10735321921228;-0.0874476215147357;1.10735321921228
1;0.86;-0.10337798541733;-0.0793505139116226;1.10500686343511
1;0.88;-0.10337798541733;-0.0793505139116226;1.10419222081647
1;0.9;-0.10337798541733;-0.0793505139116226;1.10337798541733
1;0.92;-0.10178891062637;-0.0737975645437563;1.10178891062637
1;0.940000000000001;-0.0994405015605799;-0.0604923649484919;1.09944050156058
1;0.960000000000001;-0.0978990465277201;-0.0550218647759514;1.09789904652772
1;0.980000000000001;-0.09501306640993;-0.0359519682508227;1.09501306640993
1;1;-0.0923371267003299;-0.0186938777958146;1.09233712670033
1;1.02;-0.08987884956281;-0.00334481909064865;1.08987884956281
1;1.04;-0.0876152057864299;0.0103037337168714;1.08761520578643
1;1.06;-0.0855247963314201;0.0224463076883267;1.08552479633142
1;1.08;-0.0835886388282201;0.0332554030871844;1.08358863882822
1;1.1;-0.08178992273349;0.0428837001516639;1.08178992273349
1;1.12;-0.08011376077939;0.0514663274193141;1.08011376077939
1;1.14;-0.0785469679278601;0.0591228798566745;1.07854696792786
1;1.16;-0.0774391263101699;0.0623465992407902;1.07743912631017
1;1.18;-0.0759951670564101;0.0690422791473716;1.07599516705641
1;1.2;-0.074632892808;0.0750655049258313;1.074632892808
1;1.22;-0.0733495755415401;0.0804353883096305;1.07334957554154
1;1.24;-0.0721532002543199;0.0850641836276781;1.07215320025432
1;1.26;-0.0710030556997601;0.0893503091478447;1.07100305569976
1;1.28;-0.0699214864934801;0.0930656956406687;1.06992148649348
1;1.3;-0.0688883275702299;0.0964051362238224;1.06888832757023
1;1.32;-0.0678883861992901;0.0995157171761978;1.06788838619929
1;1.34;-0.06693842356707;0.102226504878469;1.06693842356707
1;1.36;-0.0660240531887999;0.104676366304463;1.0660240531888
1;1.38;-0.0651416600922901;0.106897891950682;1.06514166009229
1;1.4;-0.06449984886354;0.106801838228953;1.06449984886354
1;1.42;-0.06365389349608;0.1088114070172;1.06365389349608
1;1.44;-0.06282110427609;0.110773909867491;1.06282110427609
1;1.46;-0.0620137874422899;0.112564967777883;1.06201378744229
1;1.48;-0.06123594843451;0.114141979111454;1.06123594843451
1;1.5;-0.0604792097915501;0.115585770697602;1.06047920979155
1;1.52;-0.0597416902589401;0.116913045044547;1.05974169025894
1;1.54;-0.0590219046073699;0.118136732534355;1.05902190460737
1;1.56;-0.0583185368811101;0.119268219336215;1.05831853688111
1;1.58;-0.05763041487578;0.120317585701405;1.05763041487578
1;1.6;-0.0569533493156;0.121325199815627;1.0569533493156
1;1.62;-0.05645719696622;0.120591388377868;1.05645719696622
1;1.64;-0.0557964408763501;0.121553229579945;1.05579644087635
1;1.66;-0.0551383768712299;0.122554225543511;1.05513837687123
1;1.68;-0.05449339305003;0.123490226068388;1.05449339305003
1;1.7;-0.0538641125710699;0.124333691552985;1.05386411257107
1;1.72;-0.0532414222511901;0.125174183494676;1.05324142225119
1;1.74;-0.0526351165314201;0.125913098467258;1.05263511653142
1;1.76;-0.05203918452797;0.126608906848617;1.05203918452797
1;1.78;-0.0514529136475701;0.127267697199818;1.05145291364757
1;1.8;-0.0508758225810799;0.127893316499963;1.05087582258108
1;1.82;-0.05030748381164;0.128489121936255;1.05030748381164
1;1.84;-0.04974751238936;0.12905808777789;1.04974751238936
1;1.86;-0.0491955609357899;0.129602851074655;1.04919556093579
1;1.88;-0.0486513153893999;0.130125750444976;1.0486513153894
1;1.9;-0.04824820466512;0.129291726148835;1.04824820466512
1;1.92;-0.04770875024751;0.129861449858424;1.04770875024751
1;1.94;-0.0471687936488101;0.130490140820671;1.04716879364881
1;1.96;-0.0466389830799701;0.131071367144191;1.04663898307997
1;1.98;-0.04611734096411;0.131623889994794;1.04611734096411
1;2;-0.0448370205858999;0.135255014610674;1.0456034506981
1;2.02;-0.0448370205858999;0.135255014610674;1.0448370205859
1;2.04;-0.04259103254978;0.144655172035351;1.04305361686967
1;2.06;-0.04259103254978;0.144655172035351;1.04270659190965
1;2.08;-0.04259103254978;0.144655172035351;1.04259103254978
1;2.1;-0.04219508341804;0.135891327665058;1.04236008709686
1;2.12;-0.04219508341804;0.135891327665058;1.04228223723029
1;2.14;-0.04219508341804;0.135891327665058;1.04219508341804
1;2.16;-0.04202090646983;0.133413588805354;1.04202090646983
1;2.18;-0.0415531546302501;0.13388901655417;1.04155315463025
1;2.2;-0.0411932441943099;0.133332805450547;1.04119324419431
1;2.22;-0.0407146657073301;0.133999265900915;1.04071466570733
1;2.24;-0.0402377079201801;0.134697377201681;1.04023770792018
1;2.26;-0.03977197415636;0.135330944047864;1.03977197415636
1;2.28;-0.0393130611022701;0.135942877173128;1.03931306110227
1;2.3;-0.03886436393012;0.136498542784401;1.03886436393012
1;2.32;-0.0384233930867099;0.13702181482549;1.03842339308671
1;2.34;-0.0379896733038401;0.137516673345518;1.03798967330384
1;2.36;-0.0375628375531001;0.137986063522534;1.0375628375531
1;2.38;-0.0371425579453799;0.138432575844425;1.03714255794538
1;2.4;-0.03672853936373;0.138858505866387;1.03672853936373
1;2.42;-0.03632051568321;0.139265888735213;1.03632051568321
1;2.44;-0.0359182464878001;0.139656529120992;1.0359182464878
1;2.46;-0.0356203300381099;0.139043868969113;1.03562033003811
1;2.48;-0.0352216887028101;0.139468249318301;1.03522168870281
1;2.5;-0.0348227184115499;0.139935783360621;1.03482271841155
1;2.52;-0.03443129238121;0.140367771822865;1.03443129238121
1;2.54;-0.03404593355203;0.140778230876545;1.03404593355203
1;2.56;-0.0336663297320201;0.141169675721441;1.03366632973202
1;2.58;-0.0332922339477599;0.14154400059084;1.03329223394776
1;2.6;-0.03292342428704;0.141902873803264;1.03292342428704
1;2.62;-0.0325596999573601;0.142247774671359;1.03255969995736
1;2.64;-0.0322008788674999;0.142580015574225;1.0322008788675
1;2.66;-0.03184679552273;0.142900761135174;1.03184679552273
1;2.68;-0.03158436729444;0.1423403638658;1.03158436729444
1;2.7;-0.0311444218571599;0.143581381509157;1.03114442185716
1;2.72;-0.0308864100236499;0.143047057658542;1.03088641002365
1;2.74;-0.0305447480115399;0.143375036777276;1.03054474801154
1;2.76;-0.0302035171019699;0.143732871071823;1.03020351710197
1;2.78;-0.02986716828367;0.144076007544625;1.02986716828367
1;2.8;-0.0295356490299099;0.144404483253859;1.02953564902991
1;2.82;-0.02920877382688;0.144719670381166;1.02920877382688
1;2.84;-0.0288863699827799;0.145022831439479;1.02888636998278
1;2.86;-0.0285682806143099;0.145315088125901;1.02856828061431
1;2.88;-0.0282543630202401;0.145597436005169;1.02825436302024
1;2.9;-0.02794448709701;0.145870758935445;1.02794448709701
1;2.92;-0.0274092666238499;0.148428514957346;1.02740926662385
1;2.94;-0.02725715797783;0.147208674755159;1.02725715797783
1;2.96;-0.0270409602820201;0.146644935915476;1.02704096028202
1;2.98;-0.0266768671225499;0.147581771481975;1.02667686712255
1;3;-0.0264568213207199;0.14711454278802;1.02645682132072
1;3.02;-0.02617236870944;0.147313386768748;1.02617236870944
1;3.04;-0.02595730238154;0.146846813176803;1.02595730238154
1;3.06;-0.0256706343403299;0.147117763350751;1.02567063434033
1;3.08;-0.02538418054015;0.147415237918516;1.02538418054015
1;3.1;-0.0251017857685001;0.147700767581001;1.0251017857685
1;3.12;-0.02482341392592;0.147974307429951;1.02482341392592
1;3.14;-0.02454891337509;0.148236971545659;1.02454891337509
1;3.16;-0.0242781426664;0.14848978729505;1.0242781426664
1;3.18;-0.02401097320862;0.148733667606211;1.02401097320862
1;3.2;-0.0237472879543299;0.14896942282825;1.02374728795433
1;3.22;-0.02355183154475;0.148549258128615;1.02355183154475
1;3.24;-0.02329010052517;0.148811385169941;1.02329010052517
1;3.26;-0.02309382909332;0.148445089435923;1.02309382909332
1;3.28;-0.02283144165878;0.148759580871991;1.02283144165878
1;3.3;-0.0225692699998301;0.149098153295612;1.02256926999983
1;3.32;-0.0223115366997599;0.149418559296331;1.02231153669976
1;3.34;-0.0220592282332801;0.149710490291153;1.02205922823328
1;3.36;-0.02181100882621;0.149986761538526;1.02181100882621
1;3.38;-0.0215658164224799;0.150257584693206;1.02156581642248
1;3.4;-0.0213252046377299;0.150507120898458;1.02132520463773
1;3.42;-0.0210881287868601;0.150745358943384;1.02108812878686
1;3.44;-0.0208544164486599;0.150973669446699;1.02085441644866
1;3.46;-0.0206239377867099;0.151193014421333;1.02062393778671
1;3.48;-0.02039657598031;0.151404238706662;1.02039657598031
1;3.5;-0.0201722249209899;0.151608091701831;1.02017222492099
1;3.52;-0.02000595289089;0.151253589510731;1.02000595289089
1;3.54;-0.0197833327032699;0.151479196097843;1.01978333270327
1;3.56;-0.01956038644891;0.151730325371115;1.01956038644891
1;3.58;-0.0193414957212801;0.151963194002524;1.01934149572128
1;3.6;-0.01912588865478;0.152185115095396;1.01912588865478
1;3.62;-0.0189134055485101;0.152397357292618;1.01891340554851
1;3.64;-0.0187039203308399;0.152600868914468;1.01870392033084
1;3.66;-0.01854877842647;0.152281895925084;1.01854877842647
1;3.68;-0.0183411841651899;0.152502960695237;1.01834118416519
1;3.7;-0.0181340817996101;0.152739865934517;1.01813408179961
1;3.72;-0.01793018580841;0.152965417666556;1.01793018580841
1;3.74;-0.0177294351186099;0.153179905983716;1.01772943511861
1;3.76;-0.01753168994883;0.153384414169654;1.01753168994883
1;3.78;-0.0173368214079701;0.15357993058337;1.01733682140797
1;3.8;-0.0171447129952;0.153767332570274;1.0171447129952
1;3.82;-0.0169552592925299;0.153947398297455;1.01695525929253
1;3.84;-0.01676782519593;0.154126213334201;1.01676782519593
1;3.86;-0.01658345249686;0.154293157805308;1.01658345249686
1;3.88;-0.0163556751573699;0.154912585950523;1.01635567515737
1;3.9;-0.0162198819352599;0.154634950655886;1.01621988193526
1;3.92;-0.0159558794680601;0.155652987134358;1.01595587946806
1;3.94;-0.0158708306969599;0.154907886898554;1.01587083069696
1;3.96;-0.0157048539358;0.154980571440457;1.0157048539358
1;3.98;-0.0155329471601;0.155129153803877;1.0155329471601
1;4;-0.01536226494363;0.155282681252567;1.01536226494363
1;4.02;-0.01523547904365;0.155014313758005;1.01523547904365
1;4.04;-0.0150669578279099;0.15517597801104;1.01506695782791
1;4.06;-0.0148986194138401;0.155352666368948;1.01489861941384
1;4.08;-0.01473269048808;0.155522093685164;1.01473269048808
1;4.1;-0.0145691459296;0.155684270221156;1.0145691459296
1;4.12;-0.01440789402128;0.155839874711397;1.01440789402128
1;4.14;-0.01424884936403;0.155989531881768;1.01424884936403
1;4.16;-0.0140919343803301;0.156133796782365;1.01409193438033
1;4.18;-0.0139370785102899;0.156273162044733;1.01393707851029
1;4.2;-0.01378421742757;0.156408065020904;1.01378421742757
1;4.22;-0.0136332923429201;0.156538894124645;1.01363329234292
1;4.24;-0.0134842493873699;0.156665994445855;1.01348424938737
1;4.26;-0.01337371877166;0.156422875664217;1.01337371877166
1;4.28;-0.0132256519416001;0.156566172087651;1.0132256519416
1;4.3;-0.0130772837717501;0.15672728859199;1.01307728377175
1;4.32;-0.0129315194931101;0.156877203001215;1.01293151949311
1;4.34;-0.0127878771743599;0.157020474239406;1.01278787717436
1;4.36;-0.0126105773294101;0.157514684971469;1.01261057732941
1;4.37999999999999;-0.01247122500875;0.157647150445129;1.01247122500875
1;4.39999999999999;-0.0123702261040901;0.157410016990852;1.01237022610409
1;4.41999999999999;-0.0122698586572501;0.157176668848844;1.01226985865725
1;4.43999999999999;-0.01216682088099;0.15698006074572;1.01216682088099
1;4.45999999999999;-0.01202697724045;0.15716181506302;1.01202697724045
1;4.47999999999999;-0.0118884587772901;0.157344301970575;1.01188845877729
1;4.49999999999999;-0.0117524025347799;0.157516018517947;1.01175240253478
1;4.51999999999999;-0.0116187089267501;0.157677714344767;1.01161870892675
1;4.53999999999999;-0.0114872508592001;0.157830424127592;1.0114872508592
1;4.55999999999999;-0.01135791304213;0.157975077212374;1.01135791304213
1;4.57999999999999;-0.0112305918723701;0.158112497605759;1.01123059187237
1;4.59999999999999;-0.0111051941473801;0.158243415668422;1.01110519414738
1;4.61999999999999;-0.0110124041492401;0.158060796235084;1.01101240414924
1;4.63999999999999;-0.0108883281818299;0.158200315494262;1.01088832818183
1;4.65999999999999;-0.01076424274121;0.158352337082278;1.01076424274121
1;4.67999999999999;-0.0106421527579299;0.158496812640958;1.01064215275793
1;4.69999999999999;-0.0105225167783001;0.158628957161464;1.0105225167783
1;4.71999999999999;-0.01040474090952;0.158754464171434;1.01040474090952
1;4.73999999999999;-0.0102887248138399;0.158874151037283;1.01028872481384
1;4.75999999999999;-0.01017439275548;0.158988599139498;1.01017439275548
1;4.77999999999999;-0.01006167682631;0.15909831915565;1.01006167682631
1;4.79999999999999;-0.00995051558760007;0.159203763860119;1.0099505155876
1;4.81999999999999;-0.00984085332465989;0.15930533493076;1.00984085332466
1;4.83999999999998;-0.00975959645606994;0.159133818284194;1.00975959645607
1;4.85999999999998;-0.00965030657297006;0.159250757469586;1.00965030657297
1;4.87999999999998;-0.00954177306466009;0.159371061895388;1.00954177306466
1;4.89999999999998;-0.00943488853879004;0.159485729847623;1.00943488853879
1;4.91999999999998;-0.00932960908852998;0.159595035496344;1.00932960908853
1;4.93999999999998;-0.00922586640252998;0.159699501447491;1.00922586640253
1;4.95999999999998;-0.00899644036710989;0.161071175161439;1.00899644036711
1;4.97999999999998;-0.00859522993651995;0.162435020001708;1.0087430771446
1;4.99999999999998;-0.00859522993651995;0.162435020001708;1.0087430771446
1;5.01999999999998;-0.00859522993651995;0.162435020001708;1.00859522993652
1;5.03999999999998;-0.00851996666007993;0.160620744607888;1.00853692582284
1;5.05999999999998;-0.00851996666007993;0.160620744607888;1.00853692582284
1;5.07999999999998;-0.00851996666007993;0.160620744607888;1.00851996666008
1;5.09999999999998;-0.00848524452446009;0.160115969298078;1.00848524452446
1;5.11999999999998;-0.0084186894815399;0.159932995274834;1.00841868948154
1;5.13999999999998;-0.00832169358455004;0.160061085296579;1.00832169358455
1;5.15999999999998;-0.00822549546921003;0.160190897091524;1.00822549546921
1;5.17999999999998;-0.00813104058638991;0.160312896372804;1.00813104058639
1;5.19999999999998;-0.00803826034945998;0.160427594683464;1.00803826034946
1;5.21999999999998;-0.00794706235644993;0.160535748578619;1.00794706235645
1;5.23999999999998;-0.00785736272583004;0.160638038649173;1.00785736272583
1;5.25999999999998;-0.00776908613009009;0.160735068333989;1.00776908613009
1;5.27999999999998;-0.00768216485730999;0.160827372448781;1.00768216485731
1;5.29999999999998;-0.00761785942928994;0.160702210243251;1.00761785942929
1;5.31999999999997;-0.00753188683235995;0.160800150269622;1.00753188683236
1;5.33999999999997;-0.0074459235075699;0.160906594834286;1.00744592350757
1;5.35999999999997;-0.00736167597993997;0.161004477759828;1.00736167597994
1;5.37999999999997;-0.00727850255833995;0.161100044377835;1.00727850255834
1;5.39999999999997;-0.00719694118944991;0.161187807810901;1.00719694118945
1;5.41999999999997;-0.00711661825764009;0.161271343010054;1.00711661825764
1;5.43999999999997;-0.00703746989432008;0.16135116481749;1.00703746989432
1;5.45999999999997;-0.00695944769468992;0.16142763982436;1.00695944769469
1;5.47999999999997;-0.00690121269368005;0.16131404506499;1.00690121269368
1;5.49999999999997;-0.00682393733795994;0.161396677352823;1.00682393733796
1;5.51999999999997;-0.00674687896459991;0.161484867352627;1.0067468789646
1;5.53999999999997;-0.00667075089292002;0.161571460172966;1.00667075089292
1;5.55999999999997;-0.00659608202330997;0.161651073779775;1.00659608202331
1;5.57999999999997;-0.00652253765178989;0.161726909292644;1.00652253765179
1;5.59999999999997;-0.00645006065322007;0.161799425513164;1.00645006065322
1;5.61999999999997;-0.00637860772929;0.161868948687142;1.00637860772929
1;5.63999999999997;-0.00630813997618995;0.161935765445214;1.00630813997619
1;5.65999999999997;-0.00623862212265003;0.162000129982994;1.00623862212265
1;5.67999999999997;-0.00618711100523006;0.161891378944929;1.00618711100523
1;5.69999999999997;-0.00611815449003994;0.161962232996307;1.00611815449004
1;5.71999999999997;-0.0060491091336401;0.162040871111301;1.00604910913364
1;5.73999999999997;-0.00598109780992995;0.162116073435039;1.00598109780993
1;5.75999999999997;-0.00591436980797999;0.162185243673545;1.00591436980798
1;5.77999999999996;-0.00584862240665007;0.162251280706046;1.00584862240665
1;5.79999999999996;-0.00578380740437989;0.162314568488083;1.00578380740438
1;5.81999999999996;-0.00571988883034003;0.162375373488044;1.00571988883034
1;5.83999999999996;-0.00565683433183994;0.162433929590011;1.00565683433184
1;5.85999999999996;-0.00559461452223009;0.162490444252925;1.00559461452223
1;5.87999999999996;-0.0055332026397199;0.162545101625804;1.00553320263972
1;5.89999999999996;-0.00547257425339009;0.16259806522513;1.00547257425339
1;5.91999999999996;-0.00541270700314;0.162649480302292;1.00541270700314
1;5.93999999999996;-0.00535358036952993;0.162699475938079;1.00535358036953
1;5.95999999999996;-0.00529517546997993;0.162748166896626;1.00529517546998
1;5.97999999999996;-0.00523747487828996;0.162795655266528;1.00523747487829
1;5.99999999999996;-0.00519466928170997;0.162699963744499;1.00519466928171
1;6.01999999999996;-0.00513731074778989;0.162754082155528;1.00513731074779
1;6.03999999999996;-0.00507998022830991;0.162813656275549;1.00507998022831
1;6.05999999999996;-0.00502346209178994;0.162870839617918;1.00502346209179
1;6.07999999999996;-0.00495388166407995;0.163064297685839;1.00495388166408
1;6.09999999999996;-0.00491289980663989;0.162978728093831;1.00491289980664
1;6.11999999999996;-0.00485912904911001;0.163025145688466;1.00485912904911
1;6.13999999999996;-0.00480562691089004;0.163074254165755;1.00480562691089
1;6.15999999999996;-0.00476596925690997;0.162990268014467;1.00476596925691
1;6.17999999999996;-0.00471287730917003;0.163044590566175;1.00471287730917
1;6.19999999999996;-0.00465971404998;0.163104935427158;1.00465971404998
1;6.21999999999996;-0.00460752515446994;0.163160852977261;1.00460752515447
1;6.23999999999995;-0.00455612413119;0.163214110694613;1.00455612413119
1;6.25999999999995;-0.00450547222669995;0.163265017326395;1.0045054722267
1;6.27999999999995;-0.00445553883482996;0.163313804022425;1.00445553883483
1;6.29999999999995;-0.00440629641392998;0.163360674347942;1.00440629641393
1;6.31999999999995;-0.00435757956501992;0.163407213195649;1.00435757956502
1;6.33999999999995;-0.00430965938854011;0.163450657003945;1.00430965938854
1;6.35999999999995;-0.00426236503024002;0.163492634648092;1.00426236503024
1;6.37999999999995;-0.00422730562568008;0.163416992190668;1.00422730562568
1;6.39999999999995;-0.00418035551430007;0.1634637627419;1.0041803555143
1;6.41999999999995;-0.00413332651785003;0.16351601715497;1.00413332651785
1;6.43999999999995;-0.0040871416252799;0.163564533428886;1.00408714162528
1;6.45999999999995;-0.00404164181847011;0.163610817334456;1.00404164181847
1;6.47999999999995;-0.00399679445756007;0.16365512676171;1.00399679445756
1;6.49999999999995;-0.00395257379657998;0.163697653925754;1.00395257379658
1;6.51999999999995;-0.00390895664197011;0.163738568092195;1.00390895664197
1;6.53999999999995;-0.00386592194437996;0.1637780194039;1.00386592194438
1;6.55999999999995;-0.00382345055370004;0.163816141116261;1.0038234505537
1;6.57999999999995;-0.00379185567691009;0.16374974482879;1.00379185567691
1;6.59999999999995;-0.00374970924252005;0.163792023605;1.00374970924252
1;6.61999999999995;-0.00370750278199994;0.163839117285949;1.003707502782
1;6.63999999999995;-0.0036659163633499;0.163884231194249;1.00366591636335
1;6.65999999999995;-0.00362496572114002;0.163927145980013;1.00362496572114
1;6.67999999999995;-0.00358475311964002;0.163966775422899;1.00358475311964
1;6.69999999999995;-0.00354510577985989;0.164004773508736;1.00354510577986
1;6.71999999999994;-0.00350599806237994;0.16404134010555;1.00350599806238
1;6.73999999999994;-0.0034674111297901;0.16407660962521;1.00346741112979
1;6.75999999999994;-0.00342932798965001;0.164110699913632;1.00342932798965
1;6.77999999999994;-0.00339173314582997;0.164143715552868;1.00339173314583
1;6.79999999999994;-0.00335461242662993;0.164175749430285;1.00335461242663
1;6.81999999999994;-0.00331795283718006;0.164206884082121;1.00331795283718
1;6.83999999999994;-0.00329076490344993;0.164146968135704;1.00329076490345
1;6.85999999999994;-0.00325434274150993;0.164182113264759;1.00325434274151
1;6.87999999999994;-0.0032178451596101;0.164221654809606;1.00321784515961
1;6.89999999999994;-0.00318186818532995;0.164259640036447;1.00318186818533
1;6.91999999999994;-0.00314642778419993;0.164295857229214;1.0031464277842
1;6.93999999999994;-0.00311161147319994;0.164329377560794;1.0031116114732
1;6.95999999999994;-0.00307727464367002;0.164361584708773;1.00307727464367
1;6.97999999999994;-0.00304339645138008;0.164392639167306;1.00304339645138
1;6.99999999999994;-0.00300996168089007;0.164422647227068;1.00300996168089
1;7.01999999999994;-0.00297695658367991;0.16445170203108;1.00297695658368
1;7.03999999999994;-0.00294436859468994;0.164479886262612;1.00294436859469
1;7.05999999999994;-0.00291218619648004;0.164507273385242;1.00291218619648
1;7.07999999999994;-0.00288039880294;0.164533928700994;1.00288039880294
1;7.09999999999994;-0.00284899665638005;0.1645599102863;1.00284899665638
1;7.11999999999994;-0.00281797073645995;0.164585269819863;1.00281797073646
1;7.13999999999994;-0.0027873126795499;0.164610053315317;1.00278731267955
1;7.15999999999994;-0.00276456494211996;0.164558799421662;1.00276456494212
1;7.17999999999993;-0.00273407927072999;0.164587199641349;1.00273407927073
1;7.19999999999993;-0.00270351776346001;0.164619406786976;1.00270351776346
1;7.21999999999993;-0.00267338061033007;0.16465042654193;1.00267338061033
1;7.23999999999993;-0.00264377559300999;0.164679138654097;1.00264377559301
1;7.25999999999993;-0.00261458083841992;0.164706708640697;1.00261458083842
1;7.27999999999993;-0.00258569573794998;0.164734101561555;1.00258569573795
1;7.29999999999993;-0.00255719779730001;0.164760511394259;1.0025571977973
1;7.31999999999993;-0.00253606403806006;0.164716129206929;1.00253606403806
1;7.33999999999993;-0.00250774683382993;0.164745694845424;1.00250774683383
1;7.35999999999993;-0.0024795305988099;0.164777082512241;1.00247953059881
1;7.37999999999993;-0.00245183014506001;0.164806133989859;1.00245183014506
1;7.39999999999993;-0.00242454030251005;0.164833849400853;1.00242454030251
1;7.41999999999993;-0.00239764123885999;0.164860386007102;1.00239764123886
1;7.43999999999993;-0.00237111757086006;0.164885858563216;1.00237111757086
1;7.45999999999993;-0.00234495544895008;0.16491036802523;1.00234495544895
1;7.47999999999993;-0.0023255723773199;0.164869703196636;1.00232557237732
1;7.49999999999993;-0.00229962749143997;0.164896594817704;1.00229962749144
1;7.51999999999993;-0.00227365208927011;0.164926386090258;1.00227365208927
1;7.53999999999993;-0.00224806835217994;0.164954858252233;1.00224806835218
1;7.55999999999993;-0.00222288495874001;0.164981885351414;1.00222288495874
1;7.57999999999993;-0.0021981655202199;0.165006791240741;1.00219816552022
1;7.59999999999993;-0.00217380039566994;0.165030625934219;1.00217380039567
1;7.61999999999993;-0.00214970147639004;0.165054235087451;1.00214970147639
1;7.63999999999993;-0.00213190759665993;0.165017203737113;1.00213190759666
1;7.65999999999992;-0.00210809612273;0.165042127716746;1.00210809612273
1;7.67999999999992;-0.00208425983821003;0.165069680949673;1.00208425983821
1;7.69999999999992;-0.00206086829155994;0.165095170432353;1.00206086829156
1;7.71999999999992;-0.00203783522979006;0.165119414220896;1.00203783522979
1;7.73999999999992;-0.00201514255340007;0.165142557461817;1.0020151425534
1;7.75999999999992;-0.00199277595422998;0.165164709198178;1.00199277595423
1;7.77999999999992;-0.00197058979048004;0.165187293240254;1.00197058979048
1;7.79999999999992;-0.00194885017531998;0.165207630412806;1.00194885017532
1;7.81999999999992;-0.00192740452695994;0.165227201878875;1.00192740452696
1;7.83999999999992;-0.00190623864301998;0.165246120265579;1.00190623864302
1;7.85999999999992;-0.00189054941052991;0.165212388726177;1.00189054941053
1;7.87999999999992;-0.00186954028059994;0.165233425084424;1.0018695402806
1;7.89999999999992;-0.00184849719610991;0.165256901901264;1.00184849719611
1;7.91999999999992;-0.00179182367516995;0.165459092374771;1.00179695016282
1;7.93999999999992;-0.00179182367516995;0.165459092374771;1.00179182367517
1;7.95999999999992;-0.00178257000031001;0.165372446755853;1.00178257000031
1;7.97999999999992;-0.00173792604853995;0.165466836668669;1.00173792604854
1;7.99999999999992;-0.00173792604853995;0.165466836668669;1.00173792604854
1;8.01999999999992;-0.00169616840927;0.165370051946286;1.00170506800673
1;8.03999999999992;-0.00169616840927;0.165370051946286;1.00170061709555
1;8.05999999999992;-0.00169616840927;0.165370051946286;1.00169616840927
1;8.07999999999992;-0.00168338605280005;0.165328258670059;1.0016833860528
1;8.09999999999992;-0.00167380235989989;0.16525575699378;1.0016738023599
1;8.11999999999992;-0.00165397846216009;0.165286615735188;1.00165397846216
1;8.13999999999992;-0.00163403733503009;0.165320629160272;1.00163403733503
1;8.15999999999991;-0.00161453435600989;0.165352255216971;1.00161453435601
1;8.17999999999991;-0.00159545662696003;0.165381579071869;1.00159545662696
1;8.19999999999991;-0.00157677544439006;0.165408845234873;1.00157677544439
1;8.21999999999991;-0.00156301845105999;0.165388737623734;1.00156301845106
1;8.23999999999991;-0.00154469617936992;0.165415658495529;1.00154469617937
1;8.25999999999991;-0.00152653215697995;0.165442829101492;1.00152653215698
1;8.27999999999991;-0.00150872939987989;0.165468203456794;1.00150872939988
1;8.29999999999991;-0.00149127178001995;0.165491906715406;1.00149127178002
1;8.31999999999991;-0.00147413819987996;0.165514115338804;1.00147413819988
1;8.33999999999991;-0.00145730956588008;0.165534987858814;1.00145730956588
1;8.35999999999991;-0.00144076877675992;0.165554664793428;1.00144076877676
1;8.37999999999991;-0.00142450050387999;0.165573270644551;1.00142450050388
1;8.39999999999991;-0.00140849098976004;0.165590915735363;1.00140849098976
1;8.41999999999991;-0.00139272786939992;0.165607697839988;1.0013927278694
1;8.43999999999991;-0.00138106648524006;0.165585038894647;1.00138106648524
1;8.45999999999991;-0.0013654763000801;0.165602834097722;1.00136547630008
1;8.47999999999991;-0.00134988823208992;0.165622167147616;1.00134988823209
1;8.49999999999991;-0.00133455386058001;0.165640522039506;1.00133455386058
1;8.51999999999991;-0.00131953102178994;0.165657295041349;1.00131953102179
1;8.53999999999991;-0.00130469375477005;0.165673714609369;1.00130469375477
1;8.55999999999991;-0.00129013428511993;0.165688839930393;1.00129013428512
1;8.57999999999991;-0.00127574378446993;0.165703731508381;1.00127574378447
1;8.59999999999991;-0.00126160657569008;0.165717529217733;1.00126160657569
1;8.61999999999991;-0.00124762495457009;0.165731184771363;1.00124762495457
1;8.6399999999999;-0.00123383582328995;0.165744313588708;1.00123383582329
1;8.6599999999999;-0.00122361280782002;0.165723160161078;1.00122361280782
1;8.6799999999999;-0.00120998399460004;0.165737087012496;1.0012099839946
1;8.6999999999999;-0.00119633920076989;0.165752536551337;1.00119633920077
1;8.7199999999999;-0.00118289775602998;0.16576731707866;1.00118289775603
1;8.7399999999999;-0.00116970865062993;0.165780918357057;1.00116970865063
1;8.7599999999999;-0.00115671248088001;0.165793909189493;1.00115671248088
1;8.7799999999999;-0.0011438998398301;0.165806364351904;1.00114389983983
1;8.7999999999999;-0.00111233834032998;0.16589635552889;1.00111233834033
1;8.8199999999999;-0.00111233834032998;0.16589635552889;1.00111233834033
1;8.8399999999999;-0.00110353769102001;0.165873128187956;1.00110353769102
1;8.8599999999999;-0.00109814859957003;0.165816665333354;1.00109814859957
1;8.8799999999999;-0.00108593376682009;0.165828998800896;1.00108593376682
1;8.8999999999999;-0.00107364821075007;0.165843260984915;1.00107364821075
1;8.9199999999999;-0.00106158935455003;0.16585648472584;1.00106158935455
1;8.9399999999999;-0.00105267237106998;0.165839495625185;1.00105267237107
1;8.9599999999999;-0.00103475399889996;0.165913412109779;1.0010347539989
1;8.9799999999999;-0.00102321370320002;0.165925339666888;1.0010232137032
1;8.9999999999999;-0.00102044302540993;0.165850725074469;1.00102044302541
1;9.0199999999999;-0.00100903396099006;0.165862771416127;1.00100903396099
1;9.0399999999999;-0.000997272525449899;0.165879482375429;1.00099727252545
1;9.0599999999999;-0.000985692991269937;0.165895550464684;1.00098569299127
1;9.0799999999999;-0.00097438316413001;0.165910079436956;1.00097438316413
1;9.09999999999989;-0.00096332286079992;0.165923244153844;1.0009633228608
1;9.11999999999989;-0.000952446560319897;0.165935674872564;1.00095244656032
1;9.13999999999989;-0.000936343742089951;0.166001458398832;1.00093634374209
1;9.15999999999989;-0.000931024107839962;0.165961020367123;1.00093102410784
1;9.17999999999989;-0.000923524948289955;0.165942909551839;1.00092352494829
1;9.19999999999989;-0.000913111840149972;0.16595468813841;1.00091311184015
1;9.21999999999989;-0.000902681671590022;0.165967678639994;1.00090268167159
1;9.23999999999989;-0.000892420812169892;0.165980019067036;1.00089242081217
1;9.25999999999989;-0.000862068095339952;0.166107848184616;1.00086455969503
1;9.27999999999989;-0.000857088631790015;0.166071436010581;1.00086206809534
1;9.29999999999989;-0.000857088631790015;0.166071436010581;1.00085708863179
1;9.31999999999989;-0.00085516873196001;0.166004926145702;1.00085516873196
1;9.33999999999989;-0.000846218956749967;0.166008907024607;1.00084621895675
1;9.35999999999989;-0.00083661913281996;0.166020283368232;1.00083661913282
1;9.37999999999989;-0.000827164649169987;0.166031166291449;1.00082716464917
1;9.39999999999989;-0.000803728687980065;0.166102205675368;1.00080603763064
1;9.41999999999989;-0.000803728687980065;0.166102205675368;1.00080372868798
1;9.43999999999989;-0.000799114264639966;0.166067977039971;1.00079911426464
1;9.45999999999989;-0.000790717842559907;0.166072029834307;1.00079071784256
1;9.47999999999989;-0.000784172792019922;0.166058408555451;1.00078417279202
1;9.49999999999989;-0.000775395815810098;0.166067761038347;1.00077539581581
1;9.51999999999989;-0.000766554770829986;0.166078631906567;1.00076655477083
1;9.53999999999989;-0.000757908700530052;0.166088437132484;1.00075790870053
1;9.55999999999989;-0.000749403834479967;0.166097694922932;1.00074940383448
1;9.57999999999988;-0.000741057961989977;0.166106213264384;1.00074105796199
1;9.59999999999988;-0.000732833096990015;0.166114356118184;1.00073283309699
1;9.61999999999988;-0.000724650175609964;0.166122902022286;1.00072465017561
1;9.63999999999988;-0.000716608084269987;0.166130857918124;1.00071660808427
1;9.65999999999988;-0.000710667626429906;0.166118601688098;1.00071066762643
1;9.67999999999988;-0.000702714208620003;0.166127069103554;1.00070271420862
1;9.69999999999988;-0.000694816126959985;0.166135778499293;1.00069481612696
1;9.71999999999988;-0.000684997401720011;0.166164484138996;1.00068499740172
1;9.73999999999988;-0.000681129009830084;0.166134668317724;1.00068112900983
1;9.75999999999988;-0.000673569139489905;0.166142154120142;1.00067356913949
1;9.77999999999988;-0.000663917311219953;0.166171315488893;1.00066391731122
1;9.79999999999988;-0.00065829256979999;0.16616117117197;1.0006582925698
1;9.81999999999988;-0.000630772077379937;0.166244209190658;1.00063260440795
1;9.83999999999988;-0.000630772077379937;0.166244209190658;1.00063077207738
1;9.85999999999988;-0.000630772077379937;0.166244209190658;1.00063077207738
1;9.87999999999988;-0.000625853593289927;0.16623031682382;1.00062585359329
1;9.89999999999988;-0.000624273689070032;0.16618353050669;1.00062427368907
1;9.91999999999988;-0.000617514846410039;0.166188691564383;1.00061751484641
1;9.93999999999988;-0.000610535625479969;0.166196732289043;1.00061053562548
1;9.95999999999988;-0.000603634025369892;0.166204694727595;1.00060363402537
1;9.97999999999988;-0.00059855076491;0.166195163929657;1.00059855076491
1;9.99999999999988;-0.000591816736380091;0.166202649138466;1.00059181673638
1;10.0199999999999;-0.000585026795969945;0.166211366868929;1.00058502679597
1;10.0399999999999;-0.000578295265819984;0.166220179490832;1.00057829526582
